"LOCATION","INDICATOR","SUBJECT","MEASURE","FREQUENCY","TIME","Value","Flag Codes"
"AUS","HEALTHEXP","TOT","PC_GDP","A","2016",9.201,
"AUS","HEALTHEXP","TOT","PC_GDP","A","2017",9.205,"D"
"AUS","HEALTHEXP","TOT","PC_GDP","A","2018",9.285,"E"
"AUS","HEALTHEXP","TOT","PC_GDP","A","2019",9.334,"E"
"AUT","HEALTHEXP","TOT","PC_GDP","A","2016",10.361,
"AUT","HEALTHEXP","TOT","PC_GDP","A","2017",10.356,
"AUT","HEALTHEXP","TOT","PC_GDP","A","2018",10.316,
"AUT","HEALTHEXP","TOT","PC_GDP","A","2019",10.408,"P"
"BEL","HEALTHEXP","TOT","PC_GDP","A","2016",10.282,
"BEL","HEALTHEXP","TOT","PC_GDP","A","2017",10.406,
"BEL","HEALTHEXP","TOT","PC_GDP","A","2018",10.319,
"BEL","HEALTHEXP","TOT","PC_GDP","A","2019",10.349,"E"
"CAN","HEALTHEXP","TOT","PC_GDP","A","2016",10.979,
"CAN","HEALTHEXP","TOT","PC_GDP","A","2017",10.79,
"CAN","HEALTHEXP","TOT","PC_GDP","A","2018",10.79,"P"
"CAN","HEALTHEXP","TOT","PC_GDP","A","2019",10.79,"P"
"CZE","HEALTHEXP","TOT","PC_GDP","A","2016",7.15,
"CZE","HEALTHEXP","TOT","PC_GDP","A","2017",7.231,
"CZE","HEALTHEXP","TOT","PC_GDP","A","2018",7.647,
"CZE","HEALTHEXP","TOT","PC_GDP","A","2019",7.763,"E"
"DNK","HEALTHEXP","TOT","PC_GDP","A","2016",10.145,
"DNK","HEALTHEXP","TOT","PC_GDP","A","2017",10.122,
"DNK","HEALTHEXP","TOT","PC_GDP","A","2018",10.105,
"DNK","HEALTHEXP","TOT","PC_GDP","A","2019",10.031,"E"
"FIN","HEALTHEXP","TOT","PC_GDP","A","2016",9.378,
"FIN","HEALTHEXP","TOT","PC_GDP","A","2017",9.145,
"FIN","HEALTHEXP","TOT","PC_GDP","A","2018",9.039,
"FIN","HEALTHEXP","TOT","PC_GDP","A","2019",9.086,"E"
"FRA","HEALTHEXP","TOT","PC_GDP","A","2016",11.501,
"FRA","HEALTHEXP","TOT","PC_GDP","A","2017",11.401,
"FRA","HEALTHEXP","TOT","PC_GDP","A","2018",11.294,
"FRA","HEALTHEXP","TOT","PC_GDP","A","2019",11.186,"E"
"DEU","HEALTHEXP","TOT","PC_GDP","A","2016",11.233,
"DEU","HEALTHEXP","TOT","PC_GDP","A","2017",11.374,
"DEU","HEALTHEXP","TOT","PC_GDP","A","2018",11.471,
"DEU","HEALTHEXP","TOT","PC_GDP","A","2019",11.654,"P"
"GRC","HEALTHEXP","TOT","PC_GDP","A","2016",8.215,
"GRC","HEALTHEXP","TOT","PC_GDP","A","2017",7.965,
"GRC","HEALTHEXP","TOT","PC_GDP","A","2018",7.715,
"GRC","HEALTHEXP","TOT","PC_GDP","A","2019",7.791,"E"
"HUN","HEALTHEXP","TOT","PC_GDP","A","2016",7.048,
"HUN","HEALTHEXP","TOT","PC_GDP","A","2017",6.792,
"HUN","HEALTHEXP","TOT","PC_GDP","A","2018",6.7,
"HUN","HEALTHEXP","TOT","PC_GDP","A","2019",6.36,"P"
"ISL","HEALTHEXP","TOT","PC_GDP","A","2016",8.165,
"ISL","HEALTHEXP","TOT","PC_GDP","A","2017",8.343,
"ISL","HEALTHEXP","TOT","PC_GDP","A","2018",8.544,
"ISL","HEALTHEXP","TOT","PC_GDP","A","2019",8.788,"P"
"IRL","HEALTHEXP","TOT","PC_GDP","A","2016",7.414,
"IRL","HEALTHEXP","TOT","PC_GDP","A","2017",7.155,
"IRL","HEALTHEXP","TOT","PC_GDP","A","2018",6.929,
"IRL","HEALTHEXP","TOT","PC_GDP","A","2019",6.841,"P"
"ITA","HEALTHEXP","TOT","PC_GDP","A","2016",8.725,
"ITA","HEALTHEXP","TOT","PC_GDP","A","2017",8.678,
"ITA","HEALTHEXP","TOT","PC_GDP","A","2018",8.668,
"ITA","HEALTHEXP","TOT","PC_GDP","A","2019",8.661,"P"
"JPN","HEALTHEXP","TOT","PC_GDP","A","2016",10.835,
"JPN","HEALTHEXP","TOT","PC_GDP","A","2017",10.796,
"JPN","HEALTHEXP","TOT","PC_GDP","A","2018",10.953,"P"
"JPN","HEALTHEXP","TOT","PC_GDP","A","2019",11.055,"E"
"KOR","HEALTHEXP","TOT","PC_GDP","A","2016",6.914,
"KOR","HEALTHEXP","TOT","PC_GDP","A","2017",7.107,
"KOR","HEALTHEXP","TOT","PC_GDP","A","2018",7.563,
"KOR","HEALTHEXP","TOT","PC_GDP","A","2019",8.044,"P"
"LUX","HEALTHEXP","TOT","PC_GDP","A","2016",5.195,
"LUX","HEALTHEXP","TOT","PC_GDP","A","2017",5.258,
"LUX","HEALTHEXP","TOT","PC_GDP","A","2018",5.286,
"LUX","HEALTHEXP","TOT","PC_GDP","A","2019",5.397,"E"
"MEX","HEALTHEXP","TOT","PC_GDP","A","2016",5.464,"B"
"MEX","HEALTHEXP","TOT","PC_GDP","A","2017",5.519,
"MEX","HEALTHEXP","TOT","PC_GDP","A","2018",5.455,
"MEX","HEALTHEXP","TOT","PC_GDP","A","2019",5.477,"E"
"NLD","HEALTHEXP","TOT","PC_GDP","A","2016",10.253,
"NLD","HEALTHEXP","TOT","PC_GDP","A","2017",10.06,
"NLD","HEALTHEXP","TOT","PC_GDP","A","2018",9.974,
"NLD","HEALTHEXP","TOT","PC_GDP","A","2019",9.965,"P"
"NZL","HEALTHEXP","TOT","PC_GDP","A","2016",9.274,"P"
"NZL","HEALTHEXP","TOT","PC_GDP","A","2017",9.02,"P"
"NZL","HEALTHEXP","TOT","PC_GDP","A","2018",9.211,"P"
"NZL","HEALTHEXP","TOT","PC_GDP","A","2019",9.319,"E"
"NOR","HEALTHEXP","TOT","PC_GDP","A","2016",10.591,
"NOR","HEALTHEXP","TOT","PC_GDP","A","2017",10.316,
"NOR","HEALTHEXP","TOT","PC_GDP","A","2018",10.049,"P"
"NOR","HEALTHEXP","TOT","PC_GDP","A","2019",10.489,"P"
"POL","HEALTHEXP","TOT","PC_GDP","A","2016",6.543,
"POL","HEALTHEXP","TOT","PC_GDP","A","2017",6.562,
"POL","HEALTHEXP","TOT","PC_GDP","A","2018",6.331,
"POL","HEALTHEXP","TOT","PC_GDP","A","2019",6.159,"P"
"PRT","HEALTHEXP","TOT","PC_GDP","A","2016",9.419,"B"
"PRT","HEALTHEXP","TOT","PC_GDP","A","2017",9.33,
"PRT","HEALTHEXP","TOT","PC_GDP","A","2018",9.448,
"PRT","HEALTHEXP","TOT","PC_GDP","A","2019",9.563,"P"
"SVK","HEALTHEXP","TOT","PC_GDP","A","2016",6.992,
"SVK","HEALTHEXP","TOT","PC_GDP","A","2017",6.769,
"SVK","HEALTHEXP","TOT","PC_GDP","A","2018",6.686,
"SVK","HEALTHEXP","TOT","PC_GDP","A","2019",6.933,"E"
"ESP","HEALTHEXP","TOT","PC_GDP","A","2016",8.952,
"ESP","HEALTHEXP","TOT","PC_GDP","A","2017",8.942,
"ESP","HEALTHEXP","TOT","PC_GDP","A","2018",8.993,
"ESP","HEALTHEXP","TOT","PC_GDP","A","2019",8.999,"E"
"SWE","HEALTHEXP","TOT","PC_GDP","A","2016",10.839,
"SWE","HEALTHEXP","TOT","PC_GDP","A","2017",10.795,
"SWE","HEALTHEXP","TOT","PC_GDP","A","2018",10.886,
"SWE","HEALTHEXP","TOT","PC_GDP","A","2019",10.882,"P"
"CHE","HEALTHEXP","TOT","PC_GDP","A","2016",11.709,
"CHE","HEALTHEXP","TOT","PC_GDP","A","2017",11.895,
"CHE","HEALTHEXP","TOT","PC_GDP","A","2018",11.876,
"CHE","HEALTHEXP","TOT","PC_GDP","A","2019",12.142,"E"
"TUR","HEALTHEXP","TOT","PC_GDP","A","2016",4.314,
"TUR","HEALTHEXP","TOT","PC_GDP","A","2017",4.211,
"TUR","HEALTHEXP","TOT","PC_GDP","A","2018",4.162,
"TUR","HEALTHEXP","TOT","PC_GDP","A","2019",4.376,"E"
"GBR","HEALTHEXP","TOT","PC_GDP","A","2016",9.867,
"GBR","HEALTHEXP","TOT","PC_GDP","A","2017",9.825,
"GBR","HEALTHEXP","TOT","PC_GDP","A","2018",9.997,
"GBR","HEALTHEXP","TOT","PC_GDP","A","2019",10.254,"E"
"USA","HEALTHEXP","TOT","PC_GDP","A","2016",17.049,
"USA","HEALTHEXP","TOT","PC_GDP","A","2017",17.004,
"USA","HEALTHEXP","TOT","PC_GDP","A","2018",16.885,
"USA","HEALTHEXP","TOT","PC_GDP","A","2019",16.96,"E"
"BRA","HEALTHEXP","TOT","PC_GDP","A","2016",9.204,
"BRA","HEALTHEXP","TOT","PC_GDP","A","2017",9.423,
"CHL","HEALTHEXP","TOT","PC_GDP","A","2016",8.519,
"CHL","HEALTHEXP","TOT","PC_GDP","A","2017",9.068,
"CHL","HEALTHEXP","TOT","PC_GDP","A","2018",9.141,
"CHL","HEALTHEXP","TOT","PC_GDP","A","2019",9.102,"P"
"CHN","HEALTHEXP","TOT","PC_GDP","A","2016",4.977,
"CHN","HEALTHEXP","TOT","PC_GDP","A","2017",5.047,
"EST","HEALTHEXP","TOT","PC_GDP","A","2016",6.5,
"EST","HEALTHEXP","TOT","PC_GDP","A","2017",6.615,
"EST","HEALTHEXP","TOT","PC_GDP","A","2018",6.663,
"EST","HEALTHEXP","TOT","PC_GDP","A","2019",6.786,"P"
"IND","HEALTHEXP","TOT","PC_GDP","A","2016",3.536,
"IND","HEALTHEXP","TOT","PC_GDP","A","2017",3.603,
"IDN","HEALTHEXP","TOT","PC_GDP","A","2016",3.119,
"IDN","HEALTHEXP","TOT","PC_GDP","A","2017",2.988,
"ISR","HEALTHEXP","TOT","PC_GDP","A","2016",7.153,
"ISR","HEALTHEXP","TOT","PC_GDP","A","2017",7.498,
"ISR","HEALTHEXP","TOT","PC_GDP","A","2018",7.517,
"ISR","HEALTHEXP","TOT","PC_GDP","A","2019",7.452,"E"
"RUS","HEALTHEXP","TOT","PC_GDP","A","2016",5.29,
"RUS","HEALTHEXP","TOT","PC_GDP","A","2017",5.359,
"RUS","HEALTHEXP","TOT","PC_GDP","A","2018",5.316,
"SVN","HEALTHEXP","TOT","PC_GDP","A","2016",8.494,
"SVN","HEALTHEXP","TOT","PC_GDP","A","2017",8.189,
"SVN","HEALTHEXP","TOT","PC_GDP","A","2018",8.299,
"SVN","HEALTHEXP","TOT","PC_GDP","A","2019",8.255,"P"
"ZAF","HEALTHEXP","TOT","PC_GDP","A","2016",8.096,
"ZAF","HEALTHEXP","TOT","PC_GDP","A","2017",8.113,
"COL","HEALTHEXP","TOT","PC_GDP","A","2016",7.531,
"COL","HEALTHEXP","TOT","PC_GDP","A","2017",7.679,
"COL","HEALTHEXP","TOT","PC_GDP","A","2018",7.64,
"COL","HEALTHEXP","TOT","PC_GDP","A","2019",7.26,"E"
"LVA","HEALTHEXP","TOT","PC_GDP","A","2016",6.206,
"LVA","HEALTHEXP","TOT","PC_GDP","A","2017",6.007,
"LVA","HEALTHEXP","TOT","PC_GDP","A","2018",6.209,
"LVA","HEALTHEXP","TOT","PC_GDP","A","2019",6.255,"E"
"LTU","HEALTHEXP","TOT","PC_GDP","A","2016",6.637,
"LTU","HEALTHEXP","TOT","PC_GDP","A","2017",6.465,
"LTU","HEALTHEXP","TOT","PC_GDP","A","2018",6.568,
"LTU","HEALTHEXP","TOT","PC_GDP","A","2019",6.803,"P"
"OAVG","HEALTHEXP","TOT","PC_GDP","A","2016",8.776,
"OAVG","HEALTHEXP","TOT","PC_GDP","A","2017",8.742,
"OAVG","HEALTHEXP","TOT","PC_GDP","A","2018",8.767,
"OAVG","HEALTHEXP","TOT","PC_GDP","A","2019",8.842,"E"
"CRI","HEALTHEXP","TOT","PC_GDP","A","2016",7.531,
"CRI","HEALTHEXP","TOT","PC_GDP","A","2017",7.29,
"CRI","HEALTHEXP","TOT","PC_GDP","A","2018",7.51,
"BGR","HEALTHEXP","TOT","PC_GDP","A","2016",7.48,
"BGR","HEALTHEXP","TOT","PC_GDP","A","2017",7.453,
"BGR","HEALTHEXP","TOT","PC_GDP","A","2018",7.347,
"BGR","HEALTHEXP","TOT","PC_GDP","A","2019",7.627,"E"
"HRV","HEALTHEXP","TOT","PC_GDP","A","2016",6.83,
"HRV","HEALTHEXP","TOT","PC_GDP","A","2017",6.778,
"HRV","HEALTHEXP","TOT","PC_GDP","A","2018",6.827,
"HRV","HEALTHEXP","TOT","PC_GDP","A","2019",6.883,"E"
"CYP","HEALTHEXP","TOT","PC_GDP","A","2016",6.834,
"CYP","HEALTHEXP","TOT","PC_GDP","A","2017",6.738,
"CYP","HEALTHEXP","TOT","PC_GDP","A","2018",6.77,
"CYP","HEALTHEXP","TOT","PC_GDP","A","2019",7.046,"E"
"MKD","HEALTHEXP","TOT","PC_GDP","A","2017",6.062,
"MLT","HEALTHEXP","TOT","PC_GDP","A","2016",9.114,
"MLT","HEALTHEXP","TOT","PC_GDP","A","2017",9.299,
"MLT","HEALTHEXP","TOT","PC_GDP","A","2018",8.947,
"MLT","HEALTHEXP","TOT","PC_GDP","A","2019",9.44,"E"
"ROU","HEALTHEXP","TOT","PC_GDP","A","2016",4.994,
"ROU","HEALTHEXP","TOT","PC_GDP","A","2017",5.151,
"ROU","HEALTHEXP","TOT","PC_GDP","A","2018",5.557,
"ROU","HEALTHEXP","TOT","PC_GDP","A","2019",5.71,"E"
"SRB","HEALTHEXP","TOT","PC_GDP","A","2017",8.434,
"AUS","HEALTHEXP","COMPULSORY","PC_GDP","A","2016",6.078,
"AUS","HEALTHEXP","COMPULSORY","PC_GDP","A","2017",6.12,"D"
"AUS","HEALTHEXP","COMPULSORY","PC_GDP","A","2018",6.193,"E"
"AUS","HEALTHEXP","COMPULSORY","PC_GDP","A","2019",6.289,"E"
"AUS","HEALTHEXP","VOLUNTARY","PC_GDP","A","2016",3.122,
"AUS","HEALTHEXP","VOLUNTARY","PC_GDP","A","2017",3.086,"D"
"AUS","HEALTHEXP","VOLUNTARY","PC_GDP","A","2018",3.092,"E"
"AUS","HEALTHEXP","VOLUNTARY","PC_GDP","A","2019",3.045,"E"
"AUT","HEALTHEXP","COMPULSORY","PC_GDP","A","2016",7.663,
"AUT","HEALTHEXP","COMPULSORY","PC_GDP","A","2017",7.661,
"AUT","HEALTHEXP","COMPULSORY","PC_GDP","A","2018",7.706,
"AUT","HEALTHEXP","COMPULSORY","PC_GDP","A","2019",7.831,"P"
"AUT","HEALTHEXP","VOLUNTARY","PC_GDP","A","2016",2.698,"D"
"AUT","HEALTHEXP","VOLUNTARY","PC_GDP","A","2017",2.695,"D"
"AUT","HEALTHEXP","VOLUNTARY","PC_GDP","A","2018",2.61,"D"
"AUT","HEALTHEXP","VOLUNTARY","PC_GDP","A","2019",2.577,
"BEL","HEALTHEXP","COMPULSORY","PC_GDP","A","2016",7.824,
"BEL","HEALTHEXP","COMPULSORY","PC_GDP","A","2017",7.904,
"BEL","HEALTHEXP","COMPULSORY","PC_GDP","A","2018",7.823,
"BEL","HEALTHEXP","COMPULSORY","PC_GDP","A","2019",7.864,"E"
"BEL","HEALTHEXP","VOLUNTARY","PC_GDP","A","2016",2.457,
"BEL","HEALTHEXP","VOLUNTARY","PC_GDP","A","2017",2.502,
"BEL","HEALTHEXP","VOLUNTARY","PC_GDP","A","2018",2.496,
"BEL","HEALTHEXP","VOLUNTARY","PC_GDP","A","2019",2.485,"E"
"CAN","HEALTHEXP","COMPULSORY","PC_GDP","A","2016",7.679,
"CAN","HEALTHEXP","COMPULSORY","PC_GDP","A","2017",7.562,
"CAN","HEALTHEXP","COMPULSORY","PC_GDP","A","2018",7.591,"P"
"CAN","HEALTHEXP","COMPULSORY","PC_GDP","A","2019",7.597,"P"
"CAN","HEALTHEXP","VOLUNTARY","PC_GDP","A","2016",3.3,
"CAN","HEALTHEXP","VOLUNTARY","PC_GDP","A","2017",3.228,
"CAN","HEALTHEXP","VOLUNTARY","PC_GDP","A","2018",3.199,"P"
"CAN","HEALTHEXP","VOLUNTARY","PC_GDP","A","2019",3.193,"P"
"CZE","HEALTHEXP","COMPULSORY","PC_GDP","A","2016",5.861,
"CZE","HEALTHEXP","COMPULSORY","PC_GDP","A","2017",5.936,
"CZE","HEALTHEXP","COMPULSORY","PC_GDP","A","2018",6.349,
"CZE","HEALTHEXP","COMPULSORY","PC_GDP","A","2019",6.468,"E"
"CZE","HEALTHEXP","VOLUNTARY","PC_GDP","A","2016",1.289,
"CZE","HEALTHEXP","VOLUNTARY","PC_GDP","A","2017",1.295,
"CZE","HEALTHEXP","VOLUNTARY","PC_GDP","A","2018",1.297,
"CZE","HEALTHEXP","VOLUNTARY","PC_GDP","A","2019",1.295,"E"
"DNK","HEALTHEXP","COMPULSORY","PC_GDP","A","2016",8.534,
"DNK","HEALTHEXP","COMPULSORY","PC_GDP","A","2017",8.505,
"DNK","HEALTHEXP","COMPULSORY","PC_GDP","A","2018",8.476,
"DNK","HEALTHEXP","COMPULSORY","PC_GDP","A","2019",8.402,"E"
"DNK","HEALTHEXP","VOLUNTARY","PC_GDP","A","2016",1.611,
"DNK","HEALTHEXP","VOLUNTARY","PC_GDP","A","2017",1.617,
"DNK","HEALTHEXP","VOLUNTARY","PC_GDP","A","2018",1.629,
"DNK","HEALTHEXP","VOLUNTARY","PC_GDP","A","2019",1.63,"E"
"FIN","HEALTHEXP","COMPULSORY","PC_GDP","A","2016",7.148,
"FIN","HEALTHEXP","COMPULSORY","PC_GDP","A","2017",6.989,
"FIN","HEALTHEXP","COMPULSORY","PC_GDP","A","2018",6.953,
"FIN","HEALTHEXP","COMPULSORY","PC_GDP","A","2019",7.018,"E"
"FIN","HEALTHEXP","VOLUNTARY","PC_GDP","A","2016",2.229,
"FIN","HEALTHEXP","VOLUNTARY","PC_GDP","A","2017",2.157,
"FIN","HEALTHEXP","VOLUNTARY","PC_GDP","A","2018",2.086,
"FIN","HEALTHEXP","VOLUNTARY","PC_GDP","A","2019",2.068,"E"
"FRA","HEALTHEXP","COMPULSORY","PC_GDP","A","2016",9.554,
"FRA","HEALTHEXP","COMPULSORY","PC_GDP","A","2017",9.494,
"FRA","HEALTHEXP","COMPULSORY","PC_GDP","A","2018",9.446,
"FRA","HEALTHEXP","COMPULSORY","PC_GDP","A","2019",9.366,"E"
"FRA","HEALTHEXP","VOLUNTARY","PC_GDP","A","2016",1.948,
"FRA","HEALTHEXP","VOLUNTARY","PC_GDP","A","2017",1.908,
"FRA","HEALTHEXP","VOLUNTARY","PC_GDP","A","2018",1.849,
"FRA","HEALTHEXP","VOLUNTARY","PC_GDP","A","2019",1.819,"E"
"DEU","HEALTHEXP","COMPULSORY","PC_GDP","A","2016",9.47,
"DEU","HEALTHEXP","COMPULSORY","PC_GDP","A","2017",9.614,
"DEU","HEALTHEXP","COMPULSORY","PC_GDP","A","2018",9.7,
"DEU","HEALTHEXP","COMPULSORY","PC_GDP","A","2019",9.905,"P"
"DEU","HEALTHEXP","VOLUNTARY","PC_GDP","A","2016",1.763,
"DEU","HEALTHEXP","VOLUNTARY","PC_GDP","A","2017",1.761,
"DEU","HEALTHEXP","VOLUNTARY","PC_GDP","A","2018",1.771,
"DEU","HEALTHEXP","VOLUNTARY","PC_GDP","A","2019",1.749,"P"
"GRC","HEALTHEXP","COMPULSORY","PC_GDP","A","2016",4.989,
"GRC","HEALTHEXP","COMPULSORY","PC_GDP","A","2017",4.815,
"GRC","HEALTHEXP","COMPULSORY","PC_GDP","A","2018",4.533,
"GRC","HEALTHEXP","COMPULSORY","PC_GDP","A","2019",4.615,"E"
"GRC","HEALTHEXP","VOLUNTARY","PC_GDP","A","2016",3.204,
"GRC","HEALTHEXP","VOLUNTARY","PC_GDP","A","2017",3.135,
"GRC","HEALTHEXP","VOLUNTARY","PC_GDP","A","2018",3.172,
"GRC","HEALTHEXP","VOLUNTARY","PC_GDP","A","2019",3.171,"E"
"HUN","HEALTHEXP","COMPULSORY","PC_GDP","A","2016",4.8,
"HUN","HEALTHEXP","COMPULSORY","PC_GDP","A","2017",4.696,
"HUN","HEALTHEXP","COMPULSORY","PC_GDP","A","2018",4.653,
"HUN","HEALTHEXP","COMPULSORY","PC_GDP","A","2019",4.414,"P"
"HUN","HEALTHEXP","VOLUNTARY","PC_GDP","A","2016",2.248,
"HUN","HEALTHEXP","VOLUNTARY","PC_GDP","A","2017",2.096,
"HUN","HEALTHEXP","VOLUNTARY","PC_GDP","A","2018",2.047,
"HUN","HEALTHEXP","VOLUNTARY","PC_GDP","A","2019",1.946,
"ISL","HEALTHEXP","COMPULSORY","PC_GDP","A","2016",6.655,
"ISL","HEALTHEXP","COMPULSORY","PC_GDP","A","2017",6.83,
"ISL","HEALTHEXP","COMPULSORY","PC_GDP","A","2018",7.038,
"ISL","HEALTHEXP","COMPULSORY","PC_GDP","A","2019",7.285,"P"
"ISL","HEALTHEXP","VOLUNTARY","PC_GDP","A","2016",1.51,
"ISL","HEALTHEXP","VOLUNTARY","PC_GDP","A","2017",1.513,
"ISL","HEALTHEXP","VOLUNTARY","PC_GDP","A","2018",1.506,
"ISL","HEALTHEXP","VOLUNTARY","PC_GDP","A","2019",1.503,"P"
"IRL","HEALTHEXP","COMPULSORY","PC_GDP","A","2016",5.371,
"IRL","HEALTHEXP","COMPULSORY","PC_GDP","A","2017",5.208,
"IRL","HEALTHEXP","COMPULSORY","PC_GDP","A","2018",5.12,
"IRL","HEALTHEXP","COMPULSORY","PC_GDP","A","2019",5.082,"P"
"IRL","HEALTHEXP","VOLUNTARY","PC_GDP","A","2016",2.043,
"IRL","HEALTHEXP","VOLUNTARY","PC_GDP","A","2017",1.947,
"IRL","HEALTHEXP","VOLUNTARY","PC_GDP","A","2018",1.809,
"IRL","HEALTHEXP","VOLUNTARY","PC_GDP","A","2019",1.76,"P"
"ITA","HEALTHEXP","COMPULSORY","PC_GDP","A","2016",6.492,
"ITA","HEALTHEXP","COMPULSORY","PC_GDP","A","2017",6.399,
"ITA","HEALTHEXP","COMPULSORY","PC_GDP","A","2018",6.404,
"ITA","HEALTHEXP","COMPULSORY","PC_GDP","A","2019",6.422,"P"
"ITA","HEALTHEXP","VOLUNTARY","PC_GDP","A","2016",2.234,
"ITA","HEALTHEXP","VOLUNTARY","PC_GDP","A","2017",2.279,
"ITA","HEALTHEXP","VOLUNTARY","PC_GDP","A","2018",2.263,
"ITA","HEALTHEXP","VOLUNTARY","PC_GDP","A","2019",2.239,"P"
"JPN","HEALTHEXP","COMPULSORY","PC_GDP","A","2016",9.105,
"JPN","HEALTHEXP","COMPULSORY","PC_GDP","A","2017",9.092,
"JPN","HEALTHEXP","COMPULSORY","PC_GDP","A","2018",9.211,"P"
"JPN","HEALTHEXP","COMPULSORY","PC_GDP","A","2019",9.316,"E"
"JPN","HEALTHEXP","VOLUNTARY","PC_GDP","A","2016",1.73,
"JPN","HEALTHEXP","VOLUNTARY","PC_GDP","A","2017",1.704,
"JPN","HEALTHEXP","VOLUNTARY","PC_GDP","A","2018",1.743,"P"
"JPN","HEALTHEXP","VOLUNTARY","PC_GDP","A","2019",1.739,"E"
"KOR","HEALTHEXP","COMPULSORY","PC_GDP","A","2016",4.083,
"KOR","HEALTHEXP","COMPULSORY","PC_GDP","A","2017",4.223,
"KOR","HEALTHEXP","COMPULSORY","PC_GDP","A","2018",4.532,
"KOR","HEALTHEXP","COMPULSORY","PC_GDP","A","2019",4.891,"P"
"KOR","HEALTHEXP","VOLUNTARY","PC_GDP","A","2016",2.831,
"KOR","HEALTHEXP","VOLUNTARY","PC_GDP","A","2017",2.884,
"KOR","HEALTHEXP","VOLUNTARY","PC_GDP","A","2018",3.031,
"KOR","HEALTHEXP","VOLUNTARY","PC_GDP","A","2019",3.154,"P"
"LUX","HEALTHEXP","COMPULSORY","PC_GDP","A","2016",4.343,
"LUX","HEALTHEXP","COMPULSORY","PC_GDP","A","2017",4.414,
"LUX","HEALTHEXP","COMPULSORY","PC_GDP","A","2018",4.444,
"LUX","HEALTHEXP","COMPULSORY","PC_GDP","A","2019",4.56,"E"
"LUX","HEALTHEXP","VOLUNTARY","PC_GDP","A","2016",0.783,
"LUX","HEALTHEXP","VOLUNTARY","PC_GDP","A","2017",0.771,
"LUX","HEALTHEXP","VOLUNTARY","PC_GDP","A","2018",0.767,
"LUX","HEALTHEXP","VOLUNTARY","PC_GDP","A","2019",0.76,"E"
"MEX","HEALTHEXP","COMPULSORY","PC_GDP","A","2016",2.859,"B"
"MEX","HEALTHEXP","COMPULSORY","PC_GDP","A","2017",2.843,
"MEX","HEALTHEXP","COMPULSORY","PC_GDP","A","2018",2.773,
"MEX","HEALTHEXP","COMPULSORY","PC_GDP","A","2019",2.768,"E"
"MEX","HEALTHEXP","VOLUNTARY","PC_GDP","A","2016",2.605,"B"
"MEX","HEALTHEXP","VOLUNTARY","PC_GDP","A","2017",2.676,
"MEX","HEALTHEXP","VOLUNTARY","PC_GDP","A","2018",2.682,
"MEX","HEALTHEXP","VOLUNTARY","PC_GDP","A","2019",2.709,"E"
"NLD","HEALTHEXP","COMPULSORY","PC_GDP","A","2016",8.32,
"NLD","HEALTHEXP","COMPULSORY","PC_GDP","A","2017",8.214,
"NLD","HEALTHEXP","COMPULSORY","PC_GDP","A","2018",8.185,
"NLD","HEALTHEXP","COMPULSORY","PC_GDP","A","2019",8.239,"P"
"NLD","HEALTHEXP","VOLUNTARY","PC_GDP","A","2016",1.934,
"NLD","HEALTHEXP","VOLUNTARY","PC_GDP","A","2017",1.846,
"NLD","HEALTHEXP","VOLUNTARY","PC_GDP","A","2018",1.789,
"NLD","HEALTHEXP","VOLUNTARY","PC_GDP","A","2019",1.726,"P"
"NZL","HEALTHEXP","COMPULSORY","PC_GDP","A","2016",7.294,"P"
"NZL","HEALTHEXP","COMPULSORY","PC_GDP","A","2017",7.088,"P"
"NZL","HEALTHEXP","COMPULSORY","PC_GDP","A","2018",7.297,"P"
"NZL","HEALTHEXP","COMPULSORY","PC_GDP","A","2019",7.411,"E"
"NZL","HEALTHEXP","VOLUNTARY","PC_GDP","A","2016",1.98,"P"
"NZL","HEALTHEXP","VOLUNTARY","PC_GDP","A","2017",1.931,"P"
"NZL","HEALTHEXP","VOLUNTARY","PC_GDP","A","2018",1.914,"P"
"NZL","HEALTHEXP","VOLUNTARY","PC_GDP","A","2019",1.908,"E"
"NOR","HEALTHEXP","COMPULSORY","PC_GDP","A","2016",9.043,
"NOR","HEALTHEXP","COMPULSORY","PC_GDP","A","2017",8.781,
"NOR","HEALTHEXP","COMPULSORY","PC_GDP","A","2018",8.574,"P"
"NOR","HEALTHEXP","COMPULSORY","PC_GDP","A","2019",8.953,"P"
"NOR","HEALTHEXP","VOLUNTARY","PC_GDP","A","2016",1.549,
"NOR","HEALTHEXP","VOLUNTARY","PC_GDP","A","2018",1.475,"P"
"NOR","HEALTHEXP","VOLUNTARY","PC_GDP","A","2019",1.536,"P"
"POL","HEALTHEXP","COMPULSORY","PC_GDP","A","2016",4.536,
"POL","HEALTHEXP","COMPULSORY","PC_GDP","A","2017",4.546,
"POL","HEALTHEXP","COMPULSORY","PC_GDP","A","2018",4.526,
"POL","HEALTHEXP","COMPULSORY","PC_GDP","A","2019",4.332,"P"
"POL","HEALTHEXP","VOLUNTARY","PC_GDP","A","2016",2.007,
"POL","HEALTHEXP","VOLUNTARY","PC_GDP","A","2017",2.015,
"POL","HEALTHEXP","VOLUNTARY","PC_GDP","A","2018",1.805,
"POL","HEALTHEXP","VOLUNTARY","PC_GDP","A","2019",1.827,"P"
"PRT","HEALTHEXP","COMPULSORY","PC_GDP","A","2016",5.791,"B"
"PRT","HEALTHEXP","COMPULSORY","PC_GDP","A","2017",5.701,
"PRT","HEALTHEXP","COMPULSORY","PC_GDP","A","2018",5.815,
"PRT","HEALTHEXP","COMPULSORY","PC_GDP","A","2019",5.856,"P"
"PRT","HEALTHEXP","VOLUNTARY","PC_GDP","A","2016",3.628,"B"
"PRT","HEALTHEXP","VOLUNTARY","PC_GDP","A","2017",3.629,
"PRT","HEALTHEXP","VOLUNTARY","PC_GDP","A","2018",3.633,
"PRT","HEALTHEXP","VOLUNTARY","PC_GDP","A","2019",3.707,"P"
"SVK","HEALTHEXP","COMPULSORY","PC_GDP","A","2016",5.619,
"SVK","HEALTHEXP","COMPULSORY","PC_GDP","A","2017",5.411,
"SVK","HEALTHEXP","COMPULSORY","PC_GDP","A","2018",5.358,
"SVK","HEALTHEXP","COMPULSORY","PC_GDP","A","2019",5.631,"E"
"SVK","HEALTHEXP","VOLUNTARY","PC_GDP","A","2016",1.373,
"SVK","HEALTHEXP","VOLUNTARY","PC_GDP","A","2017",1.358,
"SVK","HEALTHEXP","VOLUNTARY","PC_GDP","A","2018",1.328,
"SVK","HEALTHEXP","VOLUNTARY","PC_GDP","A","2019",1.301,"E"
"ESP","HEALTHEXP","COMPULSORY","PC_GDP","A","2016",6.406,
"ESP","HEALTHEXP","COMPULSORY","PC_GDP","A","2017",6.318,
"ESP","HEALTHEXP","COMPULSORY","PC_GDP","A","2018",6.331,
"ESP","HEALTHEXP","COMPULSORY","PC_GDP","A","2019",6.369,"E"
"ESP","HEALTHEXP","VOLUNTARY","PC_GDP","A","2016",2.547,
"ESP","HEALTHEXP","VOLUNTARY","PC_GDP","A","2017",2.624,
"ESP","HEALTHEXP","VOLUNTARY","PC_GDP","A","2018",2.662,
"ESP","HEALTHEXP","VOLUNTARY","PC_GDP","A","2019",2.63,"E"
"SWE","HEALTHEXP","COMPULSORY","PC_GDP","A","2016",9.15,
"SWE","HEALTHEXP","COMPULSORY","PC_GDP","A","2017",9.15,
"SWE","HEALTHEXP","COMPULSORY","PC_GDP","A","2018",9.263,
"SWE","HEALTHEXP","COMPULSORY","PC_GDP","A","2019",9.274,"P"
"SWE","HEALTHEXP","VOLUNTARY","PC_GDP","A","2016",1.689,
"SWE","HEALTHEXP","VOLUNTARY","PC_GDP","A","2017",1.645,
"SWE","HEALTHEXP","VOLUNTARY","PC_GDP","A","2018",1.623,
"SWE","HEALTHEXP","VOLUNTARY","PC_GDP","A","2019",1.608,"P"
"CHE","HEALTHEXP","COMPULSORY","PC_GDP","A","2016",7.665,
"CHE","HEALTHEXP","COMPULSORY","PC_GDP","A","2017",7.835,
"CHE","HEALTHEXP","COMPULSORY","PC_GDP","A","2018",7.647,
"CHE","HEALTHEXP","COMPULSORY","PC_GDP","A","2019",7.832,"E"
"CHE","HEALTHEXP","VOLUNTARY","PC_GDP","A","2016",4.044,
"CHE","HEALTHEXP","VOLUNTARY","PC_GDP","A","2017",4.06,
"CHE","HEALTHEXP","VOLUNTARY","PC_GDP","A","2018",4.229,
"CHE","HEALTHEXP","VOLUNTARY","PC_GDP","A","2019",4.31,"E"
"TUR","HEALTHEXP","COMPULSORY","PC_GDP","A","2016",3.384,
"TUR","HEALTHEXP","COMPULSORY","PC_GDP","A","2017",3.272,
"TUR","HEALTHEXP","COMPULSORY","PC_GDP","A","2018",3.22,
"TUR","HEALTHEXP","COMPULSORY","PC_GDP","A","2019",3.405,"E"
"TUR","HEALTHEXP","VOLUNTARY","PC_GDP","A","2016",0.93,
"TUR","HEALTHEXP","VOLUNTARY","PC_GDP","A","2017",0.939,
"TUR","HEALTHEXP","VOLUNTARY","PC_GDP","A","2018",0.941,
"TUR","HEALTHEXP","VOLUNTARY","PC_GDP","A","2019",0.97,"E"
"GBR","HEALTHEXP","COMPULSORY","PC_GDP","A","2016",7.86,
"GBR","HEALTHEXP","COMPULSORY","PC_GDP","A","2017",7.732,
"GBR","HEALTHEXP","COMPULSORY","PC_GDP","A","2018",7.776,
"GBR","HEALTHEXP","COMPULSORY","PC_GDP","A","2019",7.976,"E"
"GBR","HEALTHEXP","VOLUNTARY","PC_GDP","A","2016",2.007,
"GBR","HEALTHEXP","VOLUNTARY","PC_GDP","A","2017",2.093,
"GBR","HEALTHEXP","VOLUNTARY","PC_GDP","A","2018",2.221,
"GBR","HEALTHEXP","VOLUNTARY","PC_GDP","A","2019",2.278,"E"
"USA","HEALTHEXP","COMPULSORY","PC_GDP","A","2016",14.391,
"USA","HEALTHEXP","COMPULSORY","PC_GDP","A","2017",14.352,
"USA","HEALTHEXP","COMPULSORY","PC_GDP","A","2018",14.3,
"USA","HEALTHEXP","COMPULSORY","PC_GDP","A","2019",14.379,"E"
"USA","HEALTHEXP","VOLUNTARY","PC_GDP","A","2016",2.658,
"USA","HEALTHEXP","VOLUNTARY","PC_GDP","A","2017",2.652,
"USA","HEALTHEXP","VOLUNTARY","PC_GDP","A","2018",2.585,
"USA","HEALTHEXP","VOLUNTARY","PC_GDP","A","2019",2.582,"E"
"BRA","HEALTHEXP","COMPULSORY","PC_GDP","A","2016",3.958,
"BRA","HEALTHEXP","COMPULSORY","PC_GDP","A","2017",3.952,
"BRA","HEALTHEXP","VOLUNTARY","PC_GDP","A","2016",5.247,
"BRA","HEALTHEXP","VOLUNTARY","PC_GDP","A","2017",5.471,
"CHL","HEALTHEXP","COMPULSORY","PC_GDP","A","2016",4.983,
"CHL","HEALTHEXP","COMPULSORY","PC_GDP","A","2017",5.454,
"CHL","HEALTHEXP","COMPULSORY","PC_GDP","A","2018",5.514,
"CHL","HEALTHEXP","COMPULSORY","PC_GDP","A","2019",5.398,"P"
"CHL","HEALTHEXP","VOLUNTARY","PC_GDP","A","2016",3.536,
"CHL","HEALTHEXP","VOLUNTARY","PC_GDP","A","2017",3.614,
"CHL","HEALTHEXP","VOLUNTARY","PC_GDP","A","2018",3.626,
"CHL","HEALTHEXP","VOLUNTARY","PC_GDP","A","2019",3.704,"P"
"CHN","HEALTHEXP","COMPULSORY","PC_GDP","A","2016",2.892,
"CHN","HEALTHEXP","COMPULSORY","PC_GDP","A","2017",2.86,
"CHN","HEALTHEXP","VOLUNTARY","PC_GDP","A","2016",2.085,
"CHN","HEALTHEXP","VOLUNTARY","PC_GDP","A","2017",2.187,
"COL","HEALTHEXP","COMPULSORY","PC_GDP","A","2016",5.731,
"COL","HEALTHEXP","COMPULSORY","PC_GDP","A","2017",5.882,
"COL","HEALTHEXP","COMPULSORY","PC_GDP","A","2018",5.903,
"COL","HEALTHEXP","COMPULSORY","PC_GDP","A","2019",5.365,"E"
"COL","HEALTHEXP","VOLUNTARY","PC_GDP","A","2016",1.8,
"COL","HEALTHEXP","VOLUNTARY","PC_GDP","A","2017",1.796,
"COL","HEALTHEXP","VOLUNTARY","PC_GDP","A","2018",1.737,
"COL","HEALTHEXP","VOLUNTARY","PC_GDP","A","2019",1.895,"E"
"CRI","HEALTHEXP","COMPULSORY","PC_GDP","A","2016",5.656,
"CRI","HEALTHEXP","COMPULSORY","PC_GDP","A","2017",5.465,
"CRI","HEALTHEXP","COMPULSORY","PC_GDP","A","2018",5.544,
"CRI","HEALTHEXP","VOLUNTARY","PC_GDP","A","2016",1.875,
"CRI","HEALTHEXP","VOLUNTARY","PC_GDP","A","2017",1.825,
"CRI","HEALTHEXP","VOLUNTARY","PC_GDP","A","2018",1.966,
"EST","HEALTHEXP","COMPULSORY","PC_GDP","A","2016",4.918,
"EST","HEALTHEXP","COMPULSORY","PC_GDP","A","2017",4.868,
"EST","HEALTHEXP","COMPULSORY","PC_GDP","A","2018",4.908,
"EST","HEALTHEXP","COMPULSORY","PC_GDP","A","2019",5.043,"P"
"EST","HEALTHEXP","VOLUNTARY","PC_GDP","A","2016",1.582,
"EST","HEALTHEXP","VOLUNTARY","PC_GDP","A","2017",1.747,
"EST","HEALTHEXP","VOLUNTARY","PC_GDP","A","2018",1.754,
"EST","HEALTHEXP","VOLUNTARY","PC_GDP","A","2019",1.743,
"IND","HEALTHEXP","COMPULSORY","PC_GDP","A","2016",0.956,
"IND","HEALTHEXP","COMPULSORY","PC_GDP","A","2017",0.99,
"IND","HEALTHEXP","VOLUNTARY","PC_GDP","A","2016",2.58,
"IND","HEALTHEXP","VOLUNTARY","PC_GDP","A","2017",2.596,
"IDN","HEALTHEXP","COMPULSORY","PC_GDP","A","2016",1.415,
"IDN","HEALTHEXP","COMPULSORY","PC_GDP","A","2017",1.467,
"IDN","HEALTHEXP","VOLUNTARY","PC_GDP","A","2016",1.704,
"IDN","HEALTHEXP","VOLUNTARY","PC_GDP","A","2017",1.521,
"ISR","HEALTHEXP","COMPULSORY","PC_GDP","A","2016",4.539,
"ISR","HEALTHEXP","COMPULSORY","PC_GDP","A","2017",4.787,
"ISR","HEALTHEXP","COMPULSORY","PC_GDP","A","2018",4.864,
"ISR","HEALTHEXP","COMPULSORY","PC_GDP","A","2019",4.802,"E"
"ISR","HEALTHEXP","VOLUNTARY","PC_GDP","A","2016",2.518,
"ISR","HEALTHEXP","VOLUNTARY","PC_GDP","A","2017",2.584,
"ISR","HEALTHEXP","VOLUNTARY","PC_GDP","A","2018",2.522,
"ISR","HEALTHEXP","VOLUNTARY","PC_GDP","A","2019",2.517,"E"
"LVA","HEALTHEXP","COMPULSORY","PC_GDP","A","2016",3.467,
"LVA","HEALTHEXP","COMPULSORY","PC_GDP","A","2017",3.444,
"LVA","HEALTHEXP","COMPULSORY","PC_GDP","A","2018",3.718,
"LVA","HEALTHEXP","COMPULSORY","PC_GDP","A","2019",3.74,"E"
"LVA","HEALTHEXP","VOLUNTARY","PC_GDP","A","2016",2.739,
"LVA","HEALTHEXP","VOLUNTARY","PC_GDP","A","2017",2.563,
"LVA","HEALTHEXP","VOLUNTARY","PC_GDP","A","2018",2.491,
"LVA","HEALTHEXP","VOLUNTARY","PC_GDP","A","2019",2.515,"E"
"LTU","HEALTHEXP","COMPULSORY","PC_GDP","A","2016",4.42,
"LTU","HEALTHEXP","COMPULSORY","PC_GDP","A","2017",4.276,
"LTU","HEALTHEXP","COMPULSORY","PC_GDP","A","2018",4.404,
"LTU","HEALTHEXP","COMPULSORY","PC_GDP","A","2019",4.562,"P"
"LTU","HEALTHEXP","VOLUNTARY","PC_GDP","A","2016",2.216,
"LTU","HEALTHEXP","VOLUNTARY","PC_GDP","A","2017",2.188,
"LTU","HEALTHEXP","VOLUNTARY","PC_GDP","A","2018",2.163,
"LTU","HEALTHEXP","VOLUNTARY","PC_GDP","A","2019",2.24,"P"
"RUS","HEALTHEXP","COMPULSORY","PC_GDP","A","2016",3.012,
"RUS","HEALTHEXP","COMPULSORY","PC_GDP","A","2017",3.059,
"RUS","HEALTHEXP","COMPULSORY","PC_GDP","A","2018",3.161,
"RUS","HEALTHEXP","VOLUNTARY","PC_GDP","A","2016",2.277,
"RUS","HEALTHEXP","VOLUNTARY","PC_GDP","A","2017",2.3,
"RUS","HEALTHEXP","VOLUNTARY","PC_GDP","A","2018",2.155,
"SVN","HEALTHEXP","COMPULSORY","PC_GDP","A","2016",6.178,
"SVN","HEALTHEXP","COMPULSORY","PC_GDP","A","2017",5.912,
"SVN","HEALTHEXP","COMPULSORY","PC_GDP","A","2018",6.043,
"SVN","HEALTHEXP","COMPULSORY","PC_GDP","A","2019",5.925,"P"
"SVN","HEALTHEXP","VOLUNTARY","PC_GDP","A","2016",2.316,
"SVN","HEALTHEXP","VOLUNTARY","PC_GDP","A","2017",2.277,
"SVN","HEALTHEXP","VOLUNTARY","PC_GDP","A","2018",2.255,
"SVN","HEALTHEXP","VOLUNTARY","PC_GDP","A","2019",2.33,"P"
"ZAF","HEALTHEXP","COMPULSORY","PC_GDP","A","2016",3.474,
"ZAF","HEALTHEXP","COMPULSORY","PC_GDP","A","2017",3.471,
"ZAF","HEALTHEXP","VOLUNTARY","PC_GDP","A","2016",4.621,
"ZAF","HEALTHEXP","VOLUNTARY","PC_GDP","A","2017",4.642,
"BGR","HEALTHEXP","COMPULSORY","PC_GDP","A","2016",4.141,
"BGR","HEALTHEXP","COMPULSORY","PC_GDP","A","2017",4.169,
"BGR","HEALTHEXP","COMPULSORY","PC_GDP","A","2018",4.34,
"BGR","HEALTHEXP","COMPULSORY","PC_GDP","A","2019",4.629,"E"
"BGR","HEALTHEXP","VOLUNTARY","PC_GDP","A","2016",3.339,
"BGR","HEALTHEXP","VOLUNTARY","PC_GDP","A","2017",3.284,
"BGR","HEALTHEXP","VOLUNTARY","PC_GDP","A","2018",3.006,
"BGR","HEALTHEXP","VOLUNTARY","PC_GDP","A","2019",2.999,"E"
"HRV","HEALTHEXP","COMPULSORY","PC_GDP","A","2016",5.636,
"HRV","HEALTHEXP","COMPULSORY","PC_GDP","A","2017",5.595,
"HRV","HEALTHEXP","COMPULSORY","PC_GDP","A","2018",5.656,
"HRV","HEALTHEXP","COMPULSORY","PC_GDP","A","2019",5.713,"E"
"HRV","HEALTHEXP","VOLUNTARY","PC_GDP","A","2016",1.194,
"HRV","HEALTHEXP","VOLUNTARY","PC_GDP","A","2017",1.183,
"HRV","HEALTHEXP","VOLUNTARY","PC_GDP","A","2018",1.171,
"HRV","HEALTHEXP","VOLUNTARY","PC_GDP","A","2019",1.17,"E"
"CYP","HEALTHEXP","COMPULSORY","PC_GDP","A","2016",2.808,
"CYP","HEALTHEXP","COMPULSORY","PC_GDP","A","2017",2.786,
"CYP","HEALTHEXP","COMPULSORY","PC_GDP","A","2018",2.91,
"CYP","HEALTHEXP","COMPULSORY","PC_GDP","A","2019",3.204,"E"
"CYP","HEALTHEXP","VOLUNTARY","PC_GDP","A","2016",4.026,
"CYP","HEALTHEXP","VOLUNTARY","PC_GDP","A","2017",3.952,
"CYP","HEALTHEXP","VOLUNTARY","PC_GDP","A","2018",3.859,
"CYP","HEALTHEXP","VOLUNTARY","PC_GDP","A","2019",3.842,"E"
"MLT","HEALTHEXP","COMPULSORY","PC_GDP","A","2016",5.745,
"MLT","HEALTHEXP","COMPULSORY","PC_GDP","A","2017",5.883,
"MLT","HEALTHEXP","COMPULSORY","PC_GDP","A","2018",5.679,
"MLT","HEALTHEXP","COMPULSORY","PC_GDP","A","2019",6.137,"E"
"MLT","HEALTHEXP","VOLUNTARY","PC_GDP","A","2016",3.37,
"MLT","HEALTHEXP","VOLUNTARY","PC_GDP","A","2017",3.415,
"MLT","HEALTHEXP","VOLUNTARY","PC_GDP","A","2018",3.266,
"MLT","HEALTHEXP","VOLUNTARY","PC_GDP","A","2019",3.303,"E"
"ROU","HEALTHEXP","COMPULSORY","PC_GDP","A","2016",3.912,
"ROU","HEALTHEXP","COMPULSORY","PC_GDP","A","2017",4.051,
"ROU","HEALTHEXP","COMPULSORY","PC_GDP","A","2018",4.43,
"ROU","HEALTHEXP","COMPULSORY","PC_GDP","A","2019",4.582,"E"
"ROU","HEALTHEXP","VOLUNTARY","PC_GDP","A","2016",1.082,
"ROU","HEALTHEXP","VOLUNTARY","PC_GDP","A","2017",1.1,
"ROU","HEALTHEXP","VOLUNTARY","PC_GDP","A","2018",1.126,
"ROU","HEALTHEXP","VOLUNTARY","PC_GDP","A","2019",1.128,"E"
"MKD","HEALTHEXP","COMPULSORY","PC_GDP","A","2017",4.115,
"MKD","HEALTHEXP","VOLUNTARY","PC_GDP","A","2017",1.947,
"SRB","HEALTHEXP","COMPULSORY","PC_GDP","A","2017",4.792,
"SRB","HEALTHEXP","VOLUNTARY","PC_GDP","A","2017",3.642,
